{
    "version": 2,
    "settings": {
        "color": {
            "custom": true,
            "customDuotone": true,
            "customGradient": true,
            "defaultDuotone": false,
            "defaultGradients": false,
            "defaultPalette": false,
            "palette": [
                {
                    "color": "#2563eb",
                    "name": "Primary",
                    "slug": "primary"
                },
                {
                    "color": "#64748b",
                    "name": "Secondary", 
                    "slug": "secondary"
                },
                {
                    "color": "#1e293b",
                    "name": "Dark",
                    "slug": "dark"
                },
                {
                    "color": "#f8fafc",
                    "name": "Light",
                    "slug": "light"
                },
                {
                    "color": "#ffffff",
                    "name": "White",
                    "slug": "white"
                }
            ]
        },
        "typography": {
            "customFontSize": true,
            "fontFamilies": [
                {
                    "fontFamily": "-apple-system, BlinkMacSystemFont, 'Segoe UI', Roboto, sans-serif",
                    "name": "System Font",
                    "slug": "system-font"
                }
            ],
            "fontSizes": [
                {
                    "name": "Small",
                    "size": "14px",
                    "slug": "small"
                },
                {
                    "name": "Medium",
                    "size": "16px",
                    "slug": "medium"
                },
                {
                    "name": "Large",
                    "size": "18px",
                    "slug": "large"
                },
                {
                    "name": "Extra Large",
                    "size": "24px",
                    "slug": "x-large"
                }
            ]
        },
        "layout": {
            "contentSize": "800px",
            "wideSize": "1200px"
        },
        "spacing": {
            "customSpacing": true,
            "units": ["px", "em", "rem", "vh", "vw", "%"]
        }
    },
    "styles": {
        "color": {
            "background": "#ffffff",
            "text": "#1e293b"
        },
        "typography": {
            "fontFamily": "var(--wp--preset--font-family--system-font)",
            "fontSize": "var(--wp--preset--font-size--medium)",
            "lineHeight": "1.6"
        },
        "elements": {
            "link": {
                "color": {
                    "text": "#2563eb"
                }
            },
            "h1": {
                "typography": {
                    "fontSize": "2.5rem",
                    "lineHeight": "1.3"
                }
            },
            "h2": {
                "typography": {
                    "fontSize": "2rem",
                    "lineHeight": "1.3"
                }
            },
            "h3": {
                "typography": {
                    "fontSize": "1.75rem",
                    "lineHeight": "1.3"
                }
            }
        },
        "blocks": {
            "core/button": {
                "color": {
                    "background": "#2563eb",
                    "text": "#ffffff"
                },
                "border": {
                    "radius": "6px"
                }
            }
        }
    }
}
